,title,wiki
0,"Scott Aukerman, host of ""Comedy Bang! Bang!,"" producer/director ""Between Two Ferns""",Scott Aukerman
1,Fred Armisen &amp; Carrie Brownstein! Awards for anyone up on the west coast! Ask us anything!,Portlandia
2,We‚Äôre Working on Overturning the Citizens United Supreme Court Decision ‚Äì Ask Us Anything!,Citizens United v. FEC
3,IamA 14yr old Ebola survivor in remote Liberia,Western African Ebola virus epidemic
4,IamA firefighter AMA!,Firefighter
5,"We are the Multidisciplinary Association for Psychedelic Studies (MAPS), a non-profit research and educational organization working to legitimize the scientific, medical, and spiritual uses of psychedelics and marijuana. Ask us anything!",Multidisciplinary Association for Psychedelic Studies
6,"IamA (Nightclub Bouncer for 6 1/2 years. I have been beaten, stabbed, had bones broken, bottled over the head, hospitalized, and even attacked by groups of old women, I'm 25 years old!) AMA!",Bouncer
7,"We're Eric Migicovsky + the creators of Pebble Time, AUA!",Pebble Time
8,"We are Colossal Order, the team behind Cities: Skylines, a game close to launch that just released information about modding - AMA!",Cities: Skylines
9,"IamA Stanford trained sleep doctor, treated sleep conditions like apnea, insomnia, exploding head syndrome, restless legs syndrome, narcolepsy. AMA!",Sleep medicine
10,"I'm Matt McMullen, CEO of RealDoll; AMA",RealDoll
11,"I am a waver at Liberty Tax service, meaning I work four hours a day, everyday, dressed as a giant maple leaf dancing on the side of the road for minimum wage, AMA!",Liberty Tax
12,"IamA Female Afghanistan veteran and current anti-poaching advisor (""poacher hunter"") AMA!",Iraq and Afghanistan Veterans of America
13,"I am a former undercover investigator who worked in factory farms, and am currently Investigations Manager for a national animal protection organization",World Animal Protection
14,"I created a business in 3 days with Reddit's help, and now it's been 4 weeks and I'm quitting my software engineering job. AMA!",Story
15,DAREDEVIL dropped a fire extinguisher on my head in episode 2; AMA.,Request
16,"Hi, we're a band called Arkells. Happy to answer any questions about life in a band. Songs, lyrics gear, touring etc. Ask away!",Arkells
17,"I am Chris Hansen. You may know me from ""To Catch a Predator"" or ""Wild Wild Web."" AMA.",To Catch a Predator
18,I am Kevin Parker from Tame Impala. Ask me Anything!,Tame Impala
19,"I am Tim Ferriss, author, angel investor, host of the Tim Ferriss Experiment, and human guinea pig. AMA!",Tim Ferriss
20,IamA former Neo-Nazi/racist skinhead leader turned peace advocate and author AMA!,Neo-Nazi
21,"Mark Ruffalo, back again on reddit. Let's talk Water Defense with Scott Smith. AMA!",Mark Ruffalo
22,"I am Marc Maron, the guy from the thing. What's up?",Marc Maron
23,"We Are ""The Price Is Right""",The Price Is Right
24,"We are the team behind Cities: Skylines, ask us anything!",Cities: Skylines
25,"I am Missy Suicide, founder of SuicideGirls, Artist Richard prince sold photos from my instagram for $90,000 so I made posters of his ‚Äúart‚Äù and am selling them for $90‚Ä¶AMA!",SuicideGirls
26,"my best friend playfully pushed me into a pool at my bachelorette party and now IAMA quadriplegic known as ""the paralyzed bride"" and a new mom! AMA!",Story
27,IamA disabled American expatriate in the Philippines who founded 8ch.net (4chan clone where users make boards like Reddit). An Al Jazeera documentary I did over a year ago is on on the frontpage of r/videos. AMA!,Expatriate
28,IamA guy who makes science videos on YouTube (Destin from Smarter Every Day). Derek from Veritasium and I performed an experiment in both the North and South hemispheres to finally determine the Truth about Toilet Swirl. It's awesome and we're excited about it. AMA!,Smarter Every Day
29,"We're Playtonic, ex-Rare devs behind Banjo-Kazooie and Donkey Kong Country! AMA!",Playtonic
30,I'm a retired bank robber. AMA!,Bank robbery
31,We are the cast and crew of Red vs. Blue! Ask us anything!,Red vs. Blue
32,I am Rev. Jesse Jackson. AMA.,Jesse Jackson
33,"We‚Äôre the Guardian reporters behind The Counted, a project to chronicle every person killed by police in the US. We're here to answer your questions about police and social justice in America. AUA.",The Counted
34,IamA Sir Ian McKellen AMA!,Ian McKellen
35,Chemical and Biological Warfare Specialist. IAmA,Chemical and Biological Warfare
36,"I am Jim Obergefell Named Plaintiff in the Supreme Court Marriage Equality Case, AMA!",Same-sex marriage in the United States
37,"IamA Sex Worker, working legally in Nevada's brothels, AMA",Sex Worker
38,IamA Mike Shinoda AMA!,Mike Shinoda
39,"I'm Lil Dicky, I just released my album 'Professional Rapper,' and I still go on a lot of tinder dates. Ask me anything.",Lil Dicky
40,"We‚Äôre scientists on the Event Horizon Telescope Project looking to capture an image of a black hole. Ask us anything about the telescope, astronomy, physics or black holes! AMA!",Event Horizon Telescope
41,Nick Offerman gently tickles fellow dipshits. AMA,Nick Offerman
42,"IamA Janitor, AMA!",Janitor
43,"I'm Riley Reid, porn star and cool human! AMA!",Pornographic film actor
44,"IamA Ann Wilson, lead singer of ""Heart"" AMA!",Heart band
45,"I am Mary Bonauto, a lawyer (and MacArthur Fellow) who successfully argued the U.S. Supreme Court case establishing the freedom to marry for same-sex couples nationwide. AMA!",Same-sex marriage in the United States
46,"Hi, I‚Äôm Hiroshi Lockheimer, here at Google with the team that build Nexus 5X &amp; 6P...Ask Us Anything!",Nexus 5X
47,"I'm a basketball player, style guru and philanthropist-- Russell Westbrook. Ask me stuff.",Russell Westbrook
48,"I'm RPG designer Jonathan Tweet, lead designer on D&amp;D 3rd Ed and others, author of the first book to teach evolution to preschoolers, Ask Me Anything!",Jonathan Tweet
49,"Looks like I'm Bill Murray, AMA Round 2!",Bill Murray
50,"I'm Alan, and I created Imgur. AMA!",Imgur
51,"My name is Richard Glossip, a death row inmate who received a last-minute stay of execution, AMA.",Richard Glossip
52,"I am Christiana Figueres, the top UN Climate Change official. I'm leading the charge on a new global climate change agreement. AMA!",Christiana Figueres
53,We are the Microsoft Excel team - Ask Us Anything!,Microsoft Excel
54,"I am Mindy Kaling, Ask Me Anything!!",Mindy Kaling
55,"I'm Bill Binney, former NSA Tech Director. Worked for NSA 37 years. I know that you can have your liberty W/O sacrificing security! AMA.",NSA
56,"I am Jerry Stritzke, CEO of REI and we‚Äôre closing all of our stores on Black Friday. Ask me anything!",REI
57,"I'm Jack Douglass of the YouTube channel Jacksfilms. After 9 years, I'm about to release my biggest video yet, AMA!",Jacksfilms
58,"IAmA published author, director &amp; a Wicked Picture Contract Star. My name is Asa Akira. Ask Me Anything!",Asa Akira
59,"IamA 63 % burn victim (third degree, except luckily my face is second degree - it will heal.) AMA!",Burn
60,"Hi, I‚Äôm Andrew, here at Google and I‚Äôm with the team that built the Pixel C...Ask Us Anything!",Pixel C
61,[AMA Request] Donald Trump,Request
62,[AMA Request] Somebody who has come out of a coma (Doesn't have to be recently),Request
63,"Hey man, I'm Tommy Chong, 1/2 of Cheech &amp; Chong &amp; 77-year-old actor, director, activist, musician, who also occasionally smokes a little bit of pot...AMA!",Tommy Chong
64,"Year ago I didn't know how to code, few weeks ago I released my first iOS/Android/Windows10 game. AMA!",Story
65,"I am Palmer Luckey, founder of Oculus and designer of the Rift. AMA!",Oculus VR
66,We are real people who work in Parks and Recreation. AMA,Parks and Recreation
67,IamA girl from GirlsDoPorn.com AMA!,GirlsDoPorn
68,"Hey Reddit, it‚Äôs Kris, Rob and Dave from Cyanide &amp; Happiness! Let‚Äôs talk about things!",Cyanide and Happiness
69,"What TPP means for you and how we can stop it. We are EFF, Public Citizen, Fight for the Future, &amp; Sierra Club: Ask Us Anything",Trans-Pacific Partnership
70,"We are OK Go! We're here to talk, Reddit, so Ask Us Anything!",OK Go
71,"I am Larry Wilmore, host of The Nightly Show with Larry Wilmore. Ask Me Anything!",The Nightly Show with Larry Wilmore
72,"I'm the CEO of an indie game development company, saved from bankruptcy by Reddit. AMA!",Indie game
73,IamA YouTuber GradeAUnderA AMA!,YouTuber
74,"IamA Andrew Sampson, 20 year old developer who scared the music industry with my app Aurous and got sued for a couple million dollars, now I'm back to creating Free and open-source software AMA!",Aurous
75,"I am Jason Steele, creator of Charlie the Unicorn, Llamas with Hats, and other internet videos. Ask me anything!",Charlie the Unicorn
76,"Hello Reddit, it's Sacha Baron Cohen, star of action comedy family animal porn movie 'The Brothers Grimsby'. Ask me anything. Apart from for money.",Sacha Baron Cohen
77,"I‚Äôm Apple Co-founder Steve Wozniak, Ask Me Anything!",Steve Wozniak
78,IamA 17 year old blind guy who was shot by his father AMA!,Story
79,"I work at kfc in the uk, AMA",KFC
80,"I was imprisoned for 10 years in a North Korean political prisoner camp. My name is Kang Cholhwan, AMA.",Story
81,I am Aisha Tyler and I have all the jobs. AMA!,Aisha Tyler
82,"We are the Pornhub team. Ask us about porn, VR, data, corn or anything else.",Pornhub
83,[AMA Request] Tom from Myspace!,Reddit
84,"We are Key &amp; Peele, our new movie ""Keanu"" is out April 29th. Ask us anything!",Key and Peele
85,"I'm a junior doctor on strike in England, back for another AMA",Story
86,"I am Jill Stein, Green Party candidate for President, AMA!",Green Party
87,"We are L.A. Times reporters who spent more than a year investigating the nation‚Äôs bestselling painkiller, OxyContin. Ask Us Anything.",OxyContin
88,"IamA Retired US Navy Chief, with 20 years of experience driving Los Angeles and Virginia Class submarines. I've been on multiple deployments, seen numerous countries, and I was personally involved in the open missile salvos of the 2nd gulf war. AMA!",US Navy
89,"IamA the amputee cyborg from BBC's 'Bodyhack: Metal Gear Man' documentary, AMA!",Story
90,IAmA survivor of a double-lung organ transplant and stage 4 cancer. I also happen to be 17 years old. AMA!,Story
91,"I Am an Artificial ""Hive Mind"" called UNU. I correctly picked the Superfecta at the Kentucky Derby‚Äîthe 1st, 2nd, 3rd, and 4th place horses in order. A reporter from TechRepublic bet $1 on my prediction and won $542. Today I'm answering questions about U.S. Politics. Ask me anything...",Request
92,I am actor Tony Hale of VEEP and Arrested Development. Ask me Anything!,Tony Hale
93,"I‚Äôm Tommy Chong, half of Cheech &amp; Chong, founder of Chong‚Äôs Choice &amp; 78 yr old comedian, director, writer, activist, dancer, and I forget the rest‚Ä¶AMA!",Cheech & Chong
94,I created a startup that helps people pay off their student loans. AMA!,Story
95,IAmA YouTuber with 2.5 Million Subscribers. I'm Nerd¬≥. Let's Talk!,YouTuber
96,"Hi guys! It‚Äôs Gordon Ramsay, back for another AMA, this time from London! There's a lot of exciting things happening in 2016, new restaurants, a mobile game‚Ä¶...so Ask Me Anything! And for my American fans, try not to overcook your burgers next weekend!",Gordon Ramsay
97,"I'm one of the passengers from the ""Miracle on the Hudson"" flight landed by Captain Sully. (Flight 1549)",Miracle on the Hudson
98,"We are ACLU lawyers. We're here to talk about policing reform, and knowing your rights when dealing with law enforcement and while protesting. AUA",American Civil Liberties Union
99,"I am Werner Herzog, the filmmaker. AMA.",Werner Herzog
100,I make music as TOBACCO (on Ghostly International) and Black Moth Super Rainbow AMA!,Tobacco (musician)
101,We are Kaspersky Lab's Global Research &amp; Analysis Team (GReAT) AMA!,Kaspersky Lab
102,IamA progressive congressional candidate running for congress in a conservative state AMA!,Story
103,"We Are Meryl Streep &amp; Hugh Grant, Ask Us Anything!",Meryl Streep
104,IamA 16 year old going for a full colectomy and will poop out my stomach into a bag AMA!,Colectomy
105,IamA Pharma company CEO whose drug just helped save the life of the 4th person in America to ever Survive the Brain Eating Amoeba- a 97% fatal disease. AMA!,Story
106,My name is Danny Thompson. Last week I set a 400mph speed record in a car my dad originally built in 1968. Ask me anything!,Story
107,"I am Nicholas Sarwark, Chairman of the the Libertarian Party, the only growing political party in the United States. AMA!",Nicholas Sarwark
108,"I Am an Artificial ""Hive Mind"" named UNU. I‚Äôve made headlines for sports predictions like the Kentucky Derby, where I picked the Superfecta‚Äî1st, 2nd, 3rd, 4th place horses in order. In June I was the 1st ever Hive Mind A.I. to do an AMA. Today I‚Äôll be talking NFL &amp; FANTASY FOOTBALL. Ask me anything.",Request
109,IamA Rubik's Cube Speedsolver AMA!,Rubik's Cube
110,"I'm David Simon, creator of HBO's The Wire, The Corner, Show Me A Hero, now working on The Deuce. I'm also a 2010 MacArthur Fellow. Go ahead and AMA.",David Simon
111,"IamA former Dominos UK customer service representative, Here to take your orders and answer your questions. AMA!",Domino's
112,"I‚Äôm Ken Jeong, creator, writer, and star of ABC‚Äôs Dr. Ken. AMA!",Dr. Ken
113,"I‚Äôm ultra runner Karl Meltzer. Last week I broke the Appalachian Trail thru-hike record after running 2,190 miles in 45 Days, 22 Hours and 38 minutes. AMA.",Karl Meltzer
114,I‚Äôm Regina Spektor! Ask me anything!,Regina Spektor
115,I'm Eric. I'm an Andre. Comedy doesn't exist. Ask me anything.,Eric Andre
116,"I found my kidnapped friends in China, and am now finishing a documentary on it - AMA!",Story
117,"We are Obsidian Entertainment, creators of AAA RPGs for over a decade including our upcoming Tyranny! Ask us Anything!",Obsidian Entertainment
118,[AMA Request] Any American who just came out of a coma,Request
119,"We are Jeremy &amp; Barrett of CinemaSins, MusicVideoSins, &amp; the SinCast podcast. AUA/AMA",CinemaSins
120,"We are Rhett and Link, creators of Good Mythical Morning and the new YouTube Red Series ""Buddy System."" ASK US ANYTHING!",Good Mythical Morning
121,I'm an award-winning sex and relationship expert and resident sexologist for Astroglide who has been featured on Playboy TV. AMA!,Sexology
122,"I train giant rats to detect landmines and tuberculosis. I am Dr. Cindy Fast, Head of Training and Behavioral Research at APOPO, AMA!",Story
123,North Korean Defector Who is Sending Information to North Korea,North Korean defectors
124,We are ScrewAttack! Creators of DEATH BATTLE! and internet videos since 2006. Ask us anything!,ScrewAttack
125,"We Make Gameplay Videos for a Living, Ask Us Anything!",Gameplay
126,"I am Gray. 16 years old and fought brain cancer for 10 years. I've had 17 surgeries, 5 chemo regimens, and been on hospice 3 times. Ask me anything!",Story
127,"We‚Äôre Achievement Hunter. We play video games on Youtube, we suffer through bad movies, and we host a weekly podcast. Ask Us Anything!",Achievement Hunter
128,I am dr. chuck tingle HUGO NOMINATED AUTHOR of bestsellers Pounded In The Butt By My Own Butt and Space Raptor Butt Invasion please ask me about my way,Hugo Award for Best Novel
129,I am Mason Tvert and I am working to legalize marijuana in the United States. I represent the nation‚Äôs largest marijuana policy organization. AMA.,National Organization for the Reform of Marijuana Laws
130,I‚Äôm Patrick J. Adams and I play Mike Ross on Suits. Ask me anything.,Patrick J. Adams
131,"Iam Independent Journalist Tim Pool, founding member of VICE News. I was arrested in DC during the riots but released without charge AMA!",Tim Pool
132,We work for G2A.COM - Global Digital Marketplace &amp; more. Ask us anything!,G2A
133,"I‚Äôm Brandon, founder of EDWINS. We‚Äôre a fine dining French restaurant in Cleveland staffed entirely by former convicts ‚ÄìAMA!",Story
134,"IamA 29-year-old married guy who quit his job to make board games for a living. I've now raised $325,000 in two years. Ask me anything!",Board Games
135,[AMA Request] One of the 70 IT personnel at Pacific Gas and Electric being replaced by H1B visa workers.,Request
136,We're NASA scientists &amp; exoplanet experts. Ask us anything about today's announcement of seven Earth-size planets orbiting TRAPPIST-1!,NASA
137,"I‚Äôm Conan O‚ÄôBrien, host of CONAN on TBS and renowned microbiologist. Ask me anything!",Conan O‚ÄôBrien
138,"I‚Äôm Margaret Atwood, author of The Handmaid‚Äôs Tale, and executive producer of the Hulu original series based on the novel premiering April 26.",The Handmaid‚Äôs Tale
139,"I‚Äôm Louis Theroux, here to discuss My Scientology Movie. AMA!",Scientology
140,I am in the hospital with my wife of 10 years who has just gotten her gender reassignment surgery. AMA!,Story
141,I Am Actor Tom Payne - I play 'Jesus' in THE WALKING DEAD and star in the new movie MINDGAMERS. Ask Me Anything.,Request
142,"We are the staff of Giant Bomb, a site about video games, and our decades of video game coverage experience are here to serve you today. Ask Us Anything!",Giant Bomb
143,"We‚Äôre Jimmy and Eddie Russell, Master Distillers at Wild Turkey. We‚Äôve got a combined 98 years of bourbon-making experience between us. Ask us anything.",Wild Turkey (bourbon)
144,"We are a physicist and a writer who spent two years figuring out what would happen if you dug a hole through earth and jumped into it, stuck your hand in a particle accelerator, base jumped from the space station, and many more equally cheerful scenarios that would most likely kill you. AUA!",Physicist
145,"IamA just a computer programmer by day who wrote a sci-fi story in my spare time that somehow made the top 5 overall on amazon and knocked Stephen King from the No.1 spot in the horror genre. It has since been made into a paperback, an audiobook and in talks to be an original TV series. ama",Science fiction
146,"Hi I'm rapper Lil Dicky and I just released a video for my eleven minute song ""Pillow Talking"" AMA!",Lil Dicky
147,"I am some guy who‚Äôs saved people ¬£500,000 on airfare in the last 5 months. AMA!",Story
148,"I am Dr. Michio Kaku: a physicist, co-founder of string theory, and now a space traveler ‚Äì in the Miniverse. AMA!",Dr. Michio Kaku
149,I am Bill Nye and I‚Äôm here to dare I say it‚Ä¶. save the world. Ask Me Anything!,Bill Nye
150,"IamA NASA scientist. I invented an ice vest that burns calories just by wearing it, while you sit on your butt. For some reason people find the SECOND part hard to believe. AMA!",NASA
151,IamA iOS Jailbreak Tweak Developer AMA!,Jailbreak
152,"I'm Cheech, ask me anything.",Cheech Marin
153,"Today is World Press Freedom Day: We are human rights defenders from around the world, keen to answer anything you want to know about freedom of expression. Ask us anything!",Human Rights
154,IamA full face transplant patient that got fucked by The Department of Defense AMA!,Face transplant
155,"President Trump has threatened national monuments, resumed Arctic drilling, and approved the Dakota Access pipeline. I‚Äôm an environmental lawyer taking him to court. AMA!",Environmental law
156,"[AMA request] Those who have created the more popular third party reddit apps. Such as ""reddit is fun"", ""relay"" or ""baconreader"" etc.",Request
157,IamA profoundly deaf male who wears cochlear implants to hear! AMA!,Cochlear implant
158,With a PhD in math from Princeton I chose to teach at an elementary school and write a math-inspired children's book. AMA!,Story
159,"I am Brennen Smith, Lead Systems Engineer at Speedtest by Ookla, and I know how to make the internet faster. AMA!",Speedtest
160,"Hello, I'm Lorin :) I make music called Bassnectar - lately i've been working nonstop to remix my record collection into new versions for an experiment called the Freestyle Sessions in Colorado! What's on your mind? An me askything...",Bassnectar
161,IAmA survivor of a skydive in which my parachute didn't open. AMA.,Parachuting
162,We are the ACLU. Ask Us Anything about net neutrality!,Net Neutrality
163,"Three years ago I was broke and working at McDonalds making minimum wage. I quit my job when my boss called me lazy. Then, I started learning iOS development. Today, I'm 21 years old, working for myself, and making six figures off my apps. AMA.",Story
164,"Hi, I'm Adam Conover, the creator and host of Adam Ruins Everything, an informational comedy show on truTV. Ask Me Anything!",Adam Ruins Everything
165,"I am Tom Turcich, 687 days, 16 countries and 9600 miles into my dream of walking around the world. AMA!",Story
166,"I am Brian Baumgartner, Actor, Golf Enthusiast and Chili Expert. Ask me Anything!",Brian Baumgartner
167,"Hey Reddit, I'm Jessica Biel. Let's AMA!",Jessica Biel
168,"IamA former Greyhound Bus Driver. I've broken down in places with no reception, gotten lost, had to avoid tornados, driven blind thru blizzards, and found out the black dog is real, AMA!",Greyhound Bus
169,"It‚Äôs Time for Round 2: Leah Remini and Mike Rinder here, Ask Us Anything about Scientology",Scientology
170,"I am James ""Attrition"" Lunning, and I am a swordfighting vagrant who has spent the last 30 months hiking over 15,000 miles around the US.",Swordfighting
171,"[AMA Request] The ""Real people, Not actors"" from the Chevy commercials",Request
172,[AMA Request] Someone who was in a coma before Trump announced his candidacy and woke up after Election Day,Request
173,DACA was just rescinded. I am a 34 year old illegal alien DACA beneficiary who will soon be deportable. Ask me ANYTHING.,DACA
174,"I am Dr. Jane Goodall, a scientist, conservationist, peacemaker, and mentor. AMA.",Jane Goodall
175,"I‚Äôm Nathan Runkle, founder of Mercy For Animals. We go undercover inside slaughterhouses and factory farms, fight ‚Äúag-gag‚Äù laws, and work to advance ‚Äúclean meat‚Äù (meat grown in cell culture). AMA!",Mercy For Animals
176,"I‚Äôm Dylan Moran, Stand-up comedian, you may know me from Black Books or some movie that you‚Äôve seen at 4 in the morning....",Dylan Moran
177,Sup muthafuckas! Ron Perlman here. Don‚Äôt be shy- Ask Me Anything!,Ron Perlman
178,I just got out of prison a year ago after doing 11 1/2 years for attempted murder. I was 17 years old when I was arrested (Senior in HS) and now I‚Äôm 30. AMA!,Story
179,"I‚Äôm Jocko Willink, retired Navy SEAL Officer, author, and host of JOCKO PODCAST and I'm here for you to Ask Me Anything.",United States Navy SEALs
180,We are the Microsoft Excel team - Ask Us Anything!,Microsoft Excel
181,"I'm Tory Belleci, model maker, sculptor, painter, filmmaker and former co-host of MythBusters and White Rabbit Project. AMA!",MythBusters
182,My name is Kevin Rudd and IamA former Australian Prime Minister. AMA!,Kevin Rudd
183,"I‚Äôm Warwick Davis. Ewok, Hogwarts Professor, Leprechaun, Tenable quiz show host‚Ä¶AMA!",Warwick Davis
184,"I filmed the most extreme ""full contact"" haunted house in the world for over 3 years &amp; made a documentary about the rise of terror as entertainment called ""HAUNTERS: The Art Of The Scare"" - AMA!",Story
185,I‚Äôm Bill Nye and I‚Äôm on a quest to end anti-scientific thinking. AMA,Bill Nye
186,Message from the Moderators: The Future of IAMA,Request
187,I'm the Florida reporter that investigated stolen guns and where they end up. AMA,Story
188,"IamA Guy Who Setup a Low-Latency Rural Wireless ISP That Launches in January, AMA!",Story
189,Protect Net Neutrality. Save the Internet.,Net Neutrality
190,IamA Puerto Rican still living without power for 70 days AMA!,Story
191,I'm Andy Slavitt. I ran the ACA and I want to help you get health coverage at HealthCare.gov. AMA.,Health insurance in the United States
192,"Hi, I‚Äôm Colin Furze. I am a British plumber turned Garage Inventor/Video Maker with over 5.5 million video views. I hold over six Guinness World Records for the largest bonfire, the longest motorcycle, the fastest speed on a mobility scooter, the fastest pram and the fastest toilet. AMA!",Colin Furze
193,IamA VIP Host at a Las Vegas Strip Club AMA!,Strip Club
194,"I'm Grant Imahara, robot builder, engineer, model maker and former co-host of MythBusters!",MythBusters
195,"I am Figure Skater, Mirai Nagasu. I won the US national title at 14 years old and am closing out the Winter Olympics Athlete AMA Series today, so Ask Me Anything as I get ready to go for the Gold for TEAM USA!",Figure skating
196,"Congress is trying to sneak an expansion of mass surveillance into law this afternoon. We‚Äôre ACLU experts and Edward Snowden, and we‚Äôre here to help. Ask us anything.",ACLU
197,"We are Austrian Audio GmbH; a team of many of the core people from the now defunct AKG in Vienna, Austria. Ask us about engineering, our past, building a business or (nearly) anything at all!",GmbH
198,Almost 10 years ago I walked away from a plane crash AMA,Story
199,"IamA Head Distiller who makes whiskey, bourbon and other spirits all day! AMA!",Distiller
200,"I investigate oil companies that manipulate gasoline and oil prices. I track oil tankers at sea, deal with whistle blowers, research Standard Oil, and have gone undercover at industry conferences. AMA!",Story
201,"[AMA Request] Somebody who's won Publisher's Clearing House's $5,000 a week for life.",Request
202,"[AMA Request] Deyshia Hargrave, Louisiana teacher who was arrested for asking why superintendent received a raise",Request
203,[AMA Request] Somebody who lived in Rhodesia during it's brief existence,Request
204,[REQUEST] Blind Person Who Has Taken a Psychedelic,Request
205,I left school to cook with Cannabis &amp; have created a successful business. Grateful to be featured on major news networks &amp; cooked with some celebrities. Currently working on my 1st Restaurant...AMA!,Story
206,"I‚Äôm Paul Thomas Anderson, writer and director of PHANTOM THREAD, AMA!",Paul Thomas Anderson
207,"IAmA Boy from Venezuela, the country of the news in the world.... I¬¥m just a youth (Probably no too young for some people haha) trying to survive in this country.. I will explain what are happening in Venezuela... AMA!",Story
208,"Sean Schemmel and Christopher Sabat here, the voices of Goku and Vegeta from Dragon Ball Super. Ask us anything!",Dragon Ball Super
209,"I'm a scientist who studies sleep, attention and consciousness in animals. Ask Me Anything!",Story
210,I used to faint every day until I got one of the world's first cardiac alert service dogs - ask me anything!,Story
211,This is Glenn Howerton and Patton Oswalt from NBC's AP Bio. Ask Us Anything!,Glenn Howerton
212,"2 years ago, I built a wild scavenger hunt date for my reddit Secret Santa Giftee and created a business! Now I travel around the country building intricate scavenger hunts for clients! I‚Äôm the Architect! AMA!",Story
213,"I am Michio Kaku, physicist, futurist and author of **The Future of Humanity**. AMA!",Michio Kaku
214,"IamA Former Jehovah's Witness, author of a JW memoir currently being sued by the cult &amp; just made a short 8bit walking simulator about being a teenage Jehovah's Witness. AMA!",Jehovah's Witness
215,"[AMA Request] ""That's my fucking tit, bitch"" Cashier",Request
216,"In L.A., a $35 ticket for sleeping on the sidewalk can turn into $238 in total charges. We are L.A. Times reporters who spent a year investigating police enforcement against homeless people ‚Äì ask us anything.",Story
217,I'm an ex white supremacist and klansman. AMA,White supremacy
218,We're Jordon Dyrdahl-Roberts and Isaac Saul. Jordon quit his job when he was asked to process data that would be used to locate and detain undocumented immigrants. Isaac Saul is reporter at A Plus. We're here to answer your questions about immigration and undocumented immigrants in the U.S. AMA!,Story
219,"We are Haemimont Games, Developers of Tropico and Surviving Mars. Ask us Anything!",Haemimont
220,"I wrote a book about how Hulk Hogan sued Gawker, won $140M, and bankrupted a media empire...funded by billionaire Peter Thiel to get revenge (or justice). AMA",Story
221,I Left the Amish 13 Years ago. I Self Published my Memoir and I am in the Last Year of Nursing School. AMA!,Story
222,Just finished fighting aggressive stage three breastcancer. AMA!,Story
223,"Hi Reddit! I‚Äôm Staff Sgt. Cathrine ""Katie"" Schmid, one of the thousands of transgender people currently serving in the U.S. military. I'm also a plaintiff in Karnoski v. Trump, the case against the #TransMilitaryBan. Ask Me Anything!",Transgender
224,"I am receiving Universal Basic Income payments as part of a pilot project being tested in Ontario, Canada. AMA!",Universal Basic Income
225,I am a Carnivore biologist. I have studied black bear ecology across the state of Florida. AMA!,Carnivore
226,"I‚Äôm a 23 year old woman living with Addison‚Äôs Disease, Lupus, Psoriasis and Psoriatic Arthritis. Basically a walking autoimmune disease. Ask me anything!",Addison‚Äôs Disease
227,"I'm AellaGirl, a top-earning camgirl and nude mime for five years. You may remember me from Gonewild's Gnome photoset. AMA!",Story
228,We Are U.S. West Coast Volcano Experts. Ask us Anything!,Volcano
229,I am a National Guardsman helping with the eruption in Hawai'i. Ask me anything!,Guardsman
230,I am Macaulay Culkin. This is the 2nd most important thing I've ever done in my life. AMA,Macaulay Culkin
231,"We are TWRP, rockstars from the future, collaborators with Game Grumps, NSP, Starbomb and Chris Hadfield. We just released a new album, AUA!",TWRP (band)
232,IamA Starbucks Employee who underwent racial sensitivity training today AMA!,Starbucks
233,"I‚Äôm Christian Ramirez, running for San Diego city council. Our city‚Äôs spent nearly $3 million on Trump‚Äôs border wall prototype. I want to use those funds to solve SD‚Äôs environmental health crisis. AMA!",Story
234,"Hi all, I am a man who ate a portion of his own amputated leg. Ask me anything",Story
235,"IamA Video and Audio Forensic Expert who has consulted on cases like Trayvon Martin, Malaysia Airlines Flight 307, and the JFK Tapes AMA!",Forensic video analysis
236,We are ClickHole. Ask Us Anything.,ClickHole
237,"My name is Chas Allen, when I was 19 I was involved in the Transylvania Book Heist which was famously listed among the F.B.I.‚Äôs all-time most significant art theft cases and landed me in prison for 7 years. AMA!",Story
238,"We're 5 actors from cult film, THE ROOM, ask us anything!",The Room
239,I am Ken Jennings. I was on Jeopardy! for six months a very long time ago. My new book about comedy is called PLANET FUNNY. AMA!,Ken Jennings
240,"Hello Brains! We're How to ADHD, a YouTube channel that helps ADHD brains (and the hearts who love them!) better understand ADHD! Ask us anything!",How to ADHD
241,Beach House- Ask us Anything,Beach House
242,I am Jesus and iam one of the few citizens of Cuba with internet access.,Story
243,IamA former lobbyist who started a crowdfunding platform that lets everyday people hire lobbyists... AMA!,Story
244,I‚Äôm a guy who just finished working on the Fourth of July at one of those pop-up fireworks stores. AMA!,Story
245,I run a Renaissance Festival...AMA,Renaissance Festival
246,"I am Justin Lehmiller, a Research Fellow at The Kinsey Institute who conducted the largest survey of sexual fantasies in America and just wrote a book about it. AMA!",Justin Lehmiller
247,I‚Äôm Michael Finkel and I wrote Nat Geo‚Äôs cover story about the science of sleep (and how most of us are not getting enough of it) AMA!,Michael Finkel
248,"We're Former Members of Congress, ask us anything!",Members of Congress
249,"I am DJ Shadow (DJ, producer, podcaster)‚Ä¶ Ask Me Anything!",DJ Shadow
250,"IamA garbage man in Norway, AMA!",Waste Collector
251,"I am Lee Auman, 25 yr old Democrat running for U.S. Congress in Alabama. AMA!",Story
252,"I am a Female Porn Director, Producer &amp; Writer in both VR &amp; 2D, with my most recent credit being the 2018 Pornhub Games. AMA!",Story
253,Iama prostitute reviewer in Amsterdam. AMA!,Story
254,A bunch of people told me to do an AMA since I'm deaf and I just got bilateral Cochlear Implants. So go ahead!,Cochlear Implant
255,IamA cold water survival expert. Ask me anything!,Survival skills
256,I'm a reporter who has been covering the grand jury investigation into clergy sex abuse in Pennsylvania. AMA!,Catholic Church sexual abuse cases
257,"HELLO! I am Michael Mando, Nacho from Better Call Saul. AMA!",Michael Mando
258,"IamA Harvard-trained Addiction Psychiatrist with a focus on video game addiction, here to answer questions about gaming &amp; mental health. AMA!",Video Game Addiction
259,"I am Brendan Weinstein, 27 yr old wingsuit pilot that loves flying long terrain lines in the mountains. My most recent project was flying on my back a little bit above the ground as I mirror'd my friend Greg's body movements above me for navigation. AMA!",Story
260,I grew up in a polygamous cult in Utah. I escaped at age 17 to avoid an arranged marriage to my 1st cousin. AMA,Cult
261,IAmA Police Officer in Northern England,Law enforcement in the United Kingdom
262,"Today is world suicide prevention day. I am a suicidologist and psychiatrist from BC Children's Hospital in Vancouver, Canada. Ask me anything about suicidology or suicide prevention!",Suicidology
263,I'm a Catholic Bishop and Philosopher Who Loves Dialoguing with Atheists and Agnostics Online. AMA!,Bishops in the Catholic Church
264,"I am Dr. Andy Yen, a particle physicist who left CERN after the Snowden leaks to start ProtonMail, the world‚Äôs largest encrypted email service. AMA",ProtonMail
265,"Today is National Voter Registration Day. I am an expert in the weird world of voter registration in the United States. AMA about your state laws, the weirdest voter registration quirks, or about your rights at the polls.",Story
266,"I am Alexandria Brown, a dominatrix who recently published a book on my relationship to Charlottesville organizer and former neo-Nazi candidate for U.S. Senator‚ÄîAugustus Sol Invictus. AMA.",Dominatrix
267,"I am Dmitry Sudakov, editor of Russia‚Äôs leading newspaper Pravda",Pravda
268,I am Jodie Whittaker. I play The Doctor on Doctor Who. AMA.,Jodie Whittaker
269,"What is an anti-war conservative? I am the Editor of The American Conservative magazine, Kelley Vlahos, Ask Me Anything!",The American Conservative
270,"We are Jon Favreau, Jon Lovett, and Tommy Vietor - hosts of the new HBO Midterm Specials: Pod Save America. Ask Us Anything!",Pod Save America
271,We are Jake and Amir and we are coming out of Web Series retirement with a new Patreon Channel! Ask Us Anything.,Jake and Amir
272,"I'm Rowan Atkinson, star of JOHNNY ENGLISH STRIKES AGAIN, AMA!",Rowan Atkinson
273,"We are Colossal Order, the Finnish developers of Cities: Skylines! A game now on it's 3rd year of existence which just got it's 7th Expansion, Industries! Ask us Anything!",Colossal Order
274,I am ABC 7 investigative reporter Lisa Fletcher. I broke the story about a euthanasia drug being found in some pet food. AMA!,Story
275,"Hi Reddit, IamA snake rescuer in Cape Town, South Africa - I relocate wild snakes found in people‚Äôs homes and businesses back to nature. Ask Me Anything about snakes, snakebite, and snake safety.",Story
276,"We're the editorial board of The Eagle Eye, Marjory Stoneman Douglas‚Äô award-winning school newspaper in Parkland. We‚Äôre here to take your questions on activism, journalism and gun culture in America.",The Eagle Eye
277,"I'm Alexey Kovalev, an investigative reporter from Russia. I'm here to answer your questions about being a journalist in Russia, election meddling, troll farms, and other fun stuff.",Alexey Kovalev
278,"I made a free alternative to Photoshop, that is used by 1.5 millions of people. Ask me Anything!",Photoshop
279,We are the Microsoft Excel team - Ask Us Anything!,Microsoft Excel
280,"I am an employment attorney here to tell you how to respond to sexual harassment in the workplace in the ""#MeToo"" era. Ask Me Anything!",MeToo
281,"IAmA Broward County Government employee who worked as a Voter Systems Technician on the November 2018 Midterm Election, worked as an alternate for the Broward County Canvassing Board, and worked as a volunteer to recount the ballots today for the Agriculture Commissioner.",Story
282,"I am Tim Meadows, taking on all challengers!",Tim Meadows
283,My daughter died from Zellweger Syndrome. My wife and I are here to answer your questions about our experience and our non-profit Lily's List. AMA!,Zellweger Syndrome
284,"I'm Jonna Mendez, the former Chief of Disguise for the CIA. Ask Me Anything.",CIA
285,"IamA A Heart Attack Survivor just released from the hospital, AMA!!",Heart Attack
286,"I'm Dr Helen Webberley, gender specialist. I have been in the UK media a lot over my work with trans patients and I'm here to separate fact from fiction - AMA!",Story
287,IAmA --- Identity Theft expert --- I want to help clear up the BS in typical ID Theft prevention so AMA,Identity Theft
288,"I‚Äôm David Fahrenthold, The Washington Post reporter investigating the Trump Foundation for the past few years. The Foundation is now shutting down. AMA!",Trump Foundation
289,"I‚Äôm Jennifer Valentino-DeVries, a tech reporter on the NY Times investigations team that uncovered how companies track and sell location data from smartphones. Ask me anything.",Story
290,I'm the Monopoly Man that trolled Google - AMA!,Monopoly Man
291,"Today Tumblr officially banned porn. I made Sharesome.com, a place where everyone is free to share hot stuff. Ask me anything!",Sharesome
292,"My parents denied me vaccinations as a child. Today, I was finally able to take my health into my own hands. Ask me anything!",Story
293,"I created Juliet, an AI that could help you find love. AMA",Juliet
294,"I'm Max Karson, I was (quite publicly) arrested in college for comments about the Virginia Tech shooting",Story
295,IAMA Casualty Claims Adjuster and I investigate liability and settle bodily injury claims for one of the biggest insurance companies in the US-- AMA,Personal injury lawyer
296,IamA Former Prime Minister of Australia Kevin Rudd AMA!,Kevin Rudd
297,"IAmA Reddit's Own Vacuum Repair Tech and I've lost my job. Thanks for a great time, but this is my last AMA.",Story
298,"IamA Nate Robinson, 3x NBA Slam Dunk Champion AMA!",Nate Robinson
299,"I'm the man that biked over 19,000 miles while vaping weed to disprove the lazy stoner myth. Ask me anything.",Story
300,I am an English as a Second Language Teacher &amp; Author of 'English is Stupid' &amp; 'Backpacker's Guide to Teaching English',Story
301,"I'm Sarah Kliff, Senior Policy Correspondent at Vox. I spent the last year reading 1,182 emergency bills to expose the nightmare that is hospital billing in the US. AMA!",Story
302,Me COOKIE MONSTER. Me want you to come visit me on Sesame Street! Me will bring da COOKIES! AMA.,Cookie Monster
303,I'm surviving Stage IV Pancreatic cancer (acinar cell) and just got another CT scan showing now evidence of disease! AmA!,Story
304,"I am the Heckler who called Howard Schultz an ""Egotistical Billionaire Asshole""",Howard Schultz
305,I'm a 27 years old guy with albinism and you can AmA,Albinism
306,"I‚Äôm ethan, an 18 year old who made national headlines for getting vaccinated despite an antivaxx mother. AMA!",Story
307,"I'm a Russian journalist who hates Putin, AMA!",Putin
308,"We're reporters at The Desert Sun in Palm Springs, California. Our reporting shows that cartel violence is driving a wave of Mexican asylum seekers to the U.S. because of death threats. Ask Us Anything",The Desert Sun
309,"We are at CERN today to celebrate 30 years of the World Wide Web: ask us anything about the history of the Web, its future and everything in between!",CERN
310,"I‚Äôm Ryan Creamer, I make wholesome, SFW videos on Pornhub. Ask me anything!",Story
311,My name is Andrew &amp; I have been a janitor since I was 14 years old. I am now 32. Ask me anything.,Story
312,"My name is Bill Bostock, and I‚Äôm the reporter for Business Insider who broke a report on the Saudi government app ""Absher,"" which amongst many functions lets men control where women travel, and offers SMS alerts when women use their passports at check-in. AMA",Business Insider
313,"Iam Joseph Gordon-Levitt, my new show ‚ÄúBand Together with Logic‚Äù is now streaming on YouTube. So, AMA‚Ä¶",Joseph Gordon-Levitt
314,We are a senior Mueller reporter and former federal investigators who worked on some of the biggest cases since Watergate. Ask us anything.,Story
315,"I'm a NYC-based pianist who got sick of the office life, resigned my job, and started renting out concert halls to give out my own concerts. Today I have a concert at Merkin Hall NYC and we're livestreaming the whole thing for free. AMA!",Story
316,"Hi! I‚Äôm Satnam Singh, I‚Äôve been trucking for 25 years and my community of Punjabi Sikhs is very active in truck driving. I crossed the U.S.-Mexico border, got detained and now I own a trucking company that makes $200k a year. Ask me anything!",Story
317,"I am Scott Stedman, 23-year-old investigative journalist and author of the brand new book ""Real News"" chronicling my 18+ months investigating the Trump/Russia story.",Story
318,I'm Astronaut Col. Terry Virts ‚Äì Ask Me Anything!,Terry Virts
319,"Hi, I‚Äôm Lila Rose, President of Live Action. Planned Parenthood kills over 330,000 preborn children every year via abortion, profits off of the pain of vulnerable women and children, and has been engaged in widespread human rights abuses. AMA!",Live Action
320,"I am Michio Kaku, physicist, futurist and author of THE FUTURE OF HUMANITY-AMA!!",Michio Kaku
321,We‚Äôre experts working with NASA to deflect asteroids from impacting Earth. Ask us anything!,NASA
322,"I'm Will Witt, political influencer for PragerU. Ask me anything, I'm an open book!",PragerU
323,"I‚Äôm Mark Lawrenson, European Cup winner and former Republic of Ireland, Liverpool, Preston and Brighton defender. Ask me anything.",Story
324,"Hey, I'm director Chad Stahelski! Let's talk about John Wick: Chapter 3 - Parabellum - AMA",Chad Stahelski
325,"I‚Äôm Chef Roy Choi, here to talk about complex social justice issues, food insecurity, and more, all seen in my new TV series Broken Bread. I‚Äôm a chef and social warrior trying to make sh** happen. AMA",Broken Bread
326,"I‚Äôm a Lucid Dreamer, and I teach people how to control their dreams every night. AMA!",Lucid dream
327,"I'm an investigative journalist. I've found evidence showing that Altria, America's biggest tobacco company, asked Mitch McConnell to present the Tobacco to 21 bill he introduced on Monday and that it's probably not meant to keep nicotine away from kids. AMA.",Story
328,I drove my Jeep around Africa. Reddit said I would never make it. I made it. AMA,Story
329,"Sexual harassment at music festivals is a well-known problem. I‚Äôm Desert Sun health reporter Nicole Hayden, and I spoke to women at Coachella about their experiences, and one in six said they were sexually harassed this year. AMA.",Story
330,"After a five-month search, I found two of my kidnapped friends who had been forced into marriage in China. For the past six years I've been a full-time volunteer with a grassroots organisation to raise awareness of human trafficking - AMA!",Story
331,"I am Keanna Erickson-Chang, the only full-time female rally car driver in the USA... AMA! üòä",Rally Car
332,"We are The Promoters/Producers of The Governors Ball Music Festival. Day 3 of the festival experienced a delayed opening ÔºÜ eventual evacuation - both due to severe weather. Ask us questions about the day, why we did what we did, ÔºÜ give us additional feedback on the festival",Governors Ball Music Festival
333,"We are Chuck Carter and Rand Miller, creators of the game Myst. We're releasing a new game tomorrow called ZED. Ask us anything!",Myst
334,"IAMA Sexologist and Licensed Therapist, specializing in Relationships, LGBT and all things Kinky AMA this Sunday Funday",Sexology
335,Former bank robber here. AMA!,Bank robbery
336,"We are an internist, a neurologist, and a migraine researcher. Ask us anything about migraine headaches.",Migraine
337,"I am a survival expert. I've provided official training to the United States Marine Corps, Navy, Air Force, Department of Defense, LAPD, CA Dept of Justice and more, as a civilian. I am a former Fire/Rescue Helicopter Crewmember in SO CAL. People travel across the globe to train with me AMA at all.",Story
338,"I made a free alternative to Photoshop, that is used by 3 millions of people. Ask me Anything!",Photoshop
339,Last week I donated my left kidney anonymously to a total stranger on the kidney waitlist. AMA!,Kidney transplantation
340,"IAmA Rubik's Cube Speedsolver, preparing for the World Championship this weekend. Ask Me Anything!",Rubik's Cube
341,"I‚Äôm Rick Smith, the founder and CEO of Taser (now known as Axon Enterprises). I‚Äôm on a mission to make the bullet obsolete, and I've spent my entire life trying to build alternatives to guns. AMA!",Taser
342,"I'm Katie Benner, Justice Department reporter for The New York Times. I covered the department's decision not to charge NYPD officer Daniel Pantaleo in the death of Eric Garner. Ask me anything about that decision, the public reaction, the Garner case or the Justice Department's civil rights work.",Story
343,"I‚Äôm Apollo astronaut Charlie Duke, CAPCOM for Apollo 11. Ask me anything about being the spacecraft communicator for this historic Moon landing today at 10:30 a.m. EDT.",Story
344,"Richard D. Wolff here, Professor of Economics, radio host, and co-founder of democracyatwork.info and author of Understanding Marxism. I'm here to answer any questions about Marxism, socialism and economics. AMA!",Richard D. Wolff
345,"I'm Dan Schilling, 30 year special operations and Black Hawk Down veteran and author of Alone at Dawn a book about Medal of Honor recipient John Chapman, who saved 23 teammates. This was the first time that a Medal of Honor act was captured on film. AMA!",Story
346,"I'm Jack Nicas, a tech reporter for The New York Times. I investigated con artists who impersonate American servicemen on Facebook and Instagram to scam women. For the story, I traveled to Nigeria to meet these scammers. Ask me anything about Facebook, internet cons and scamming culture in Nigeria.",Story
347,"I‚Äôm Astead W. Herndon, a national political reporter for The New York Times. I spent 3 months reporting on the Sunrise Movement, a group of young climate activists trying to push Democrats to the left ahead of the 2020 election. Ask me anything.",Sunrise Movement
348,"We‚Äôre Max Fisher and Amanda Taub, writers for The New York Times. We investigated how YouTube‚Äôs algorithm, which is built to keep you hooked, can also spread extremism and conspiracies. Ask us anything.",Story
349,"I am Governor Steve Bullock, U.S. Presidential Candidate. I'm the only candidate for President who‚Äôs won a Trump state, and I've spent my career fighting the influence of Dark Money in politics.",Steve Bullock
350,"I am the father of 2 American kids kidnapped by ISIS, I am searching for them in Syria with VICE News Correspondent Seb Walker. AMA.",ISIS
351,"What‚Äôs up everybody, my name is Martins Licis and I just won ""World‚Äôs Strongest Man""! Ask Me Anything!",World‚Äôs Strongest Man
352,I dropped out of MIT and started a new college in San Francisco. AMA!,Story
353,I'm a former Catholic monk. AMA,Catholic monk
354,"I brought a support clown to my redundancy meeting, ask me anything",Story
355,"I am a 17 year old protest medic for the on-going Hong Kong protests, I helped treat a lot of injured protesters while they were protesting. AMA.",Story
356,"I spent the past three years embedded with internet trolls and propagandists in order to write a new nonfiction book, ANTISOCIAL, about how the internet is breaking our society. I also spent a lot of time reporting from Reddit's HQ in San Francisco. AMA!",Story
357,"Iam Pornstar Jessa Rhodes, AMA!",Pornstar
358,"I am Andrew Rea (aka Babish), creator of Binging/Basics/Being with Babish. My second cookbook hits shelves today, and I pretty much owe my entire career to the Reddit community, sooooo amA (ask me ANYTHING)!",Story
359,"I am Ramon Solhkhah, an expert in psychiatry and behavioral health. I‚Äôm trying to address the crisis of high rates of anxiety and suicides among young people. AMA.",Story
360,"After working at Google ÔºÜ Facebook for 15 years, I wrote a book called Lean Out, debunking modern feminist rhetoric and telling the truth about women ÔºÜ power in corporate America. AMA!",Story
361,I [21F] have had a full set of dentures since age 19. AMA!,Dentures
362,"Hi, I‚Äôm Anonymous, the author of A WARNING",Story
363,I do medical billing for a major hospital and I believe for-profit health care is evil. AMAA,Story
364,I spent 22 years in prison for a crime I didn‚Äôt commit. Ask me anything,Story
365,I am Rushan Abbas - Uyghur Activist and survivor of Chinese oppression. My sister and my friends are currently trapped in western China's concentration camps. Ask me anything!,Story
366,Over 1/3 of the entire population of earth has trouble breathing through their nose and it causes all kinds of problems people don't realize. I am helping people resolve this with a new treatment! AMA,Story
367,"It's Christmas Eve, and I'm a parish pastor. AMA!",Pastor
368,I am former NASA Mechanical Engineer turned YouTuber Mark Rober. I've been making videos for 9 years and just passed 10M subs. AMA!,Mark Rober
369,I am a former Jewel Thief. I stole over 15 million dollars worth of diamonds and jewels up and down the East Coast. AMA!,Jewel Thief
370,"My name is Todd Graves, I am the CEO and founder of Raising Cane's Chicken Fingers! AMA",Raising Cane's Chicken Fingers
371,"I was in several comas over a four months period. From 2017-2018, doctors diagnosed me as brain dead and said I would most likely die. However, I was in a pseudo coma, locked in, conscious the entire time. AMA",Coma
372,"3 years ago I quit my job &amp; started writing poems for strangers in public parks. I've written ~10,000 poems. This past year I started staging ""interventions"" with the pick-up artists who were running rampant in the park. Ask me anything!",Story
373,"I am Peter Zeihan, a geopolitical strategist, futurist and author the new book Disunited Nations. AMA",Peter Zeihan
374,"We are Hero Forge, the internet's home for custom 3D printed tabletop minis. We just launched a new Kickstarter for full-color 3D printed minis! Ask us anything.",Story
375,"Hi, I'm David Sinclair -- Professor of Genetics at Harvard Medical School &amp; Author of Lifespan: Why We Age- and Why We Don't Have To -- AMA",Story
376,"IAmA concierge at a condominium for the rich and ultra-rich, AMA.",Concierge
377,"What‚Äôs the deal with food allergy? It‚Äôs become an epidemic, but now we have ways to treat it! I am an Allergy, Asthma, and Immunology Doctor who does food allergy immunotherapy (OIT). AMA",Story
378,I am a Mattress Expert with over 25+ years of experience ‚Äì AMA,Mattress
379,We are Paradox Development Studio - creators of the game Hearts of Iron IV and its upcoming expansion La R√©sistance - Ask us anything!,Paradox Development Studio
380,"Hello, I am an anesthesiologist, ICU physician, and have a PhD in Pharmacology. I'm here to discuss why ""flattening the curve"" matters. AMA!",Flattening the curve
381,"I Work at a Costco in Oregon dealing with this corona virus craze, AMA!",Costco
382,IamA guy who bought a 22-building 'ghost town' over a year ago with a friend. It was once California's largest silver producer and had a murder a week. I've been up here for past 3 weeks quarantining and currently snowed-in with no way out of the town. AMA!,Story
383,We are Last Podcast On The Left and we have a new book out this week! Ask Us Anything!,The Last Podcast on the Left
384,"Recently, the ‚Äú5G causes Covid19‚Äù conspiracy theory has gained popularity. I‚Äôm a Radar Engineer with a masters degree in Telecommunication Engineering and a teaching qualification in high school physics!",Story
385,"Hi Reddit! My name is Jeff Lowe, I'm the CEO and Founder of Greater Wynnewood Exotic Animal Park and was recently featured on Netflix's TIGER KING",Story
386,"HELLO! I‚Äôm Michael Mando, Nacho from Better Call Saul - AMA!",Michael Mando
387,"I‚Äôm Dr. Jud, a psychiatrist and neuroscientist at Brown University. I have over 20 years of experience with mindfulness training, and I‚Äôm passionate about helping people treat addictions, form new habits and make deep, permanent change in their lives.",Story
388,"I am Don Vultaggio, Founder &amp; Chairman of AriZona Beverage Company. AMA",AriZona Beverage Company
389,"I'm homeless in a deadly pandemic, AMA...",Homeless
390,"Keidmil! My name is David J. Peterson, and I'm the language creator from HBO's Game of Thrones, Netflix's The Witcher, Freeform's Motherland: Fort Salem, the CW's The 100, Legendary's Dune, and others. AMA!",Valyrian languages
391,"I was one of the 307 people arrested in Cincinnati on Sunday night, where many people I was taken in with were left without food, water, bathroom privileges, or shelter for several hours. AMA!",Story
392,I have anaphylaxis to basically the world. I am allergic to so many things that I require a special drink to ensure I meet dietary requirements.,Anaphylaxis
393,I'm a dad who quit his job 5 years ago to make board games with my wife. We have now sold over $2 million in games. Ask me anything!,Board games
394,"I am Kailee Scales, Managing Director for Black Lives Matter. Ask me anything.",Black Lives Matter
395,"Hi I‚Äôm Sabrina Nichole former Playboy model and current nude freelance and couch potato, I‚Äôm unsure what questions will be asked but ask away!",Story
396,"Hey, it's Brian Baumgartner! I portrayed Kevin Malone (accounting guru and chili master) on NBC's The Office and I'm here today to discuss my new podcast, ‚ÄúAn Oral History of The Office"", Ask Me Anything!",Brian Baumgartner
397,"My dad founded New Jersey's Action Park, widely believed to be the most dangerous theme park in the country. I worked there for 10 incredible summers. AMA.",Action Park
398,"There‚Äôs more to being a Navy pilot than what you see in the movies ‚Äì I would know, I‚Äôm a TOPGUN instructor. Ask me anything!",Story
399,"I am Daryl Davis the Rock'n'Roll Race Reconciliator. Klan We Talk about race and music, police and peace? A missed opportunity for dialogue, is a missed opportunity for conflict resolution. Ask Me Anything!",Story
400,"I made a free alternative to Photoshop, that is used by 7 million people. Ask me Anything!",Photoshop
401,"I am David Tennant and I was the tenth Doctor Who, Kilgrave in Jessica Jones and Crowley in Good Omens. I am here today to talk to you about the second season of my podcast ‚ÄúDavid Tennant Does a Podcast With‚Ä¶‚Äù. Ask Me Anything!",David Tennant
402,"I made Silicon Valley publish its diversity data (which sucked, obviously), got micro-famous for it, then got so much online harassment that I started a whole company to try to fix it. I'm Tracy Chou, founder and CEO of Block Party. AMA",Story
403,I Hunt Medical Serial Killers. Ask Me Anything.,Story
404,"I am Matt Elmes, PhD; Cannabis scientist. After making discoveries about how we process cannabinoids at the cellular level, I transitioned to work in the California cannabis industry. I‚Äôve also been a regular cannabis user myself for 20 years. Now that you‚Äôve read my qualifications as Dr. Weed, AMA!",Cannabis
405,"IAmA dark web expert, investigative journalist and true crime author. I‚Äôve met dark web kingpins in far flung prisons and delved the murky depths of child predator forums. I‚Äôve written six books and over a dozen Casefile podcast episodes. AMA",Dark web
406,"Hi Reddit! We're the author and illustrator of ""The President's New Clothes"", a satire and parody of 'The Emperor's New Clothes' featuring a naked Donald Trump that we self published and have been sneaking into stores locally in Texas. AMA!",Story
407,"I‚Äôve had a 71-year career in nuclear energy and have seen many setbacks but believe strongly that nuclear power can provide a clean, reliable, and relatively inexpensive source of energy to the world. AMA",Story
408,I am actor Nikolaj Coster-Waldau. You may remember me as Jaime Lannister on GoT... I've just launched a platform for grassroots giving called Dandi. AMA!,Nikolaj Coster-Waldau
409,I am a photographer who shoots nude couples and singles AMA,Story
410,"I Am former Secretary of Defense William Perry and nuclear policy think-tank director Tom Collina, ask us anything about Presidential nuclear authority!",Story
411,Iama guy who has been living alone in an abandoned ‚Äòghost town‚Äô for over 6 months. I bought the town just over two years ago. AMA!,Story
412,"Hey, ya‚Äôll! I‚Äôm Jenelle Marie Pierce, and I have genital herpes! I am also a Sexual Health Educator, Executive Director of The STI Project, and an Adjunct Professor. I‚Äôm here to eradicate the stigma surrounding STIs by sharing my experience and normalizing the conversation around sexual health. AMA!",Story
413,"We are non-partisan voter protection experts. 2020 will be an election like none other. Ask us anything about voting, elections and how we'll make sure every voter's voice is heard.",Story
414,I am a Canadian cannabis policy researcher and today we're celebrating the second anniversary of legalization in Canada and launching a new survey on young people's perception of public education efforts. AMA about cannabis in Canada!,Cannabis
415,"I'm Elliott Morris, a data journalist at The Economist working on our US presidential election forecast. Ask me anything!",Data journalism
416,"I'm Jon Rineman, former Head Monologue Writer for the Tonight Show with Jimmy Fallon. I helped write Seth Meyers‚Äô 2011 White House Correspondents‚Äô Dinner which some believe drove Donald Trump to run for President. Ask me anything.",Monologue
417,"I am Aubrey Cottle a.k.a. Kirtaner. I am the founder of the hacker collective ""Anonymous"". Yes. Really. Ask me anything.",Anonymous (hacker group)
418,"I'm Jack Douglass of the YouTube channel Jacksfilms, and I'm releasing a board game based on one of my series. AMA!",Jacksfilms
419,"I‚Äôm Lynda Carter, Wonder Woman actress &amp; singer. Ask Me Anything!",Lynda Carter
420,We are researchers who work on nutrition and the gut. Our research looks at our amazing gut microbiome and the role of nutrition in health and disease. Ask us anything!,Story
421,I am a woman living in a cabin without running water in Alaska. Ama.,Story
422,"Hi, I‚Äôm Comedian and Actor Gabriel ‚ÄúFluffy‚Äù Iglesias ‚Äì Ask Me Anything!",Gabriel Iglesias
423,"I‚Äôm Ray Dalio‚Äîfounder of Bridgewater Associates. We are in unusual and risky times. I‚Äôve been studying the forces behind the rise and fall of great empires and their reserve currencies throughout history, with a focus on what that means for the US and China today. Ask me about this‚Äîor anything.",Bridgewater Associates
424,"I created a business from Reddit post when I was on the brink of homelessness a year ago, and it's still going strong! Ask me Anything",Story
425,"I am Justin Kan, cofounder of Twitch (world's biggest live-streaming platform). I've been a serial entrepreneur, technology investor at Y Combinator and now my new fund Goat Capital. AMA!",Twitch (service)
426,I just set the Guinness World Record for longest distance swim in the ocean on a single breath. I also hold the record for longest freedive under ice on a single breath in speedos and can hold my breath for 22 minutes. Ask me anything!,Story